Order time,Net sales
01/08/2026,945.76
31/07/2026,666.98
30/07/2026,571.16
29/07/2026,513.37
28/07/2026,546.14
27/07/2026,347.7
26/07/2026,449.53
25/07/2026,640.32
24/07/2026,637.55
23/07/2026,670.12
22/07/2026,588.08
21/07/2026,545.14
20/07/2026,334.82
19/07/2026,577.67
18/07/2026,894.41
17/07/2026,756.79
16/07/2026,557.73
15/07/2026,298.77
14/07/2026,437.13
13/07/2026,374.91
12/07/2026,435.61
11/07/2026,700.43
10/07/2026,484.85
09/07/2026,401.32
08/07/2026,333.76
07/07/2026,442.69
06/07/2026,249.41
05/07/2026,606.62
04/07/2026,979.97
03/07/2026,599.04
02/07/2026,481.68
01/07/2026,354.69
30/06/2026,391.24
29/06/2026,296.82
28/06/2026,670.17
27/06/2026,509.53
26/06/2026,933.23
25/06/2026,709.53
24/06/2026,360.62
23/06/2026,409.93
22/06/2026,305.86
21/06/2026,630.74
20/06/2026,839.93
19/06/2026,651.12
18/06/2026,381.53
17/06/2026,453.75
16/06/2026,378.85
15/06/2026,468.13
14/06/2026,727.87
13/06/2026,"1,166.96"
12/06/2026,444.15
11/06/2026,596.34
10/06/2026,226.88
09/06/2026,398.9
08/06/2026,218.9
07/06/2026,644.93
06/06/2026,"1,398.54"
05/06/2026,930.12
04/06/2026,341.49
03/06/2026,601.63
02/06/2026,446.84
01/06/2026,363.63
31/05/2026,802.44
30/05/2026,836.61
29/05/2026,844.6
28/05/2026,899.83
27/05/2026,416.84
26/05/2026,408.66
25/05/2026,885.99
24/05/2026,479.68
23/05/2026,798.14
22/05/2026,721.88
21/05/2026,460.92
20/05/2026,531.68
19/05/2026,354.37
18/05/2026,228.39
17/05/2026,712.76
16/05/2026,"1,438.41"
15/05/2026,886.95
14/05/2026,283.24
13/05/2026,254.58
12/05/2026,464.75
11/05/2026,423.5
10/05/2026,621.78
09/05/2026,"1,409.00"
08/05/2026,765.8
07/05/2026,474.92
06/05/2026,531.37
05/05/2026,463.55
04/05/2026,"1,110.28"
03/05/2026,"1,182.50"
02/05/2026,"1,136.13"
01/05/2026,694.2
30/04/2026,495.54
29/04/2026,597.35
28/04/2026,685.79
27/04/2026,372.36
26/04/2026,794.03
25/04/2026,883.08
24/04/2026,"1,031.48"
23/04/2026,532.73
22/04/2026,606.87
21/04/2026,305.89
20/04/2026,516.75
19/04/2026,583.18
18/04/2026,756.44
17/04/2026,681.53
16/04/2026,482.23
15/04/2026,688.33
14/04/2026,449.64
13/04/2026,419.59
12/04/2026,529.61
11/04/2026,"1,046.36"
10/04/2026,"1,143.47"
09/04/2026,820.98
08/04/2026,545.18
07/04/2026,416.23
06/04/2026,902.62
05/04/2026,618.44
04/04/2026,"1,156.83"
03/04/2026,"1,345.86"
02/04/2026,658.25
01/04/2026,431.87
31/03/2026,659.97
30/03/2026,608.23
29/03/2026,866.44
28/03/2026,"1,164.97"
27/03/2026,784.44
26/03/2026,478.38
25/03/2026,470.53
24/03/2026,332.77
23/03/2026,330.2
22/03/2026,700.85
21/03/2026,"1,142.86"
20/03/2026,687.47
19/03/2026,425.37
18/03/2026,528.49
17/03/2026,394.41
16/03/2026,486.51
15/03/2026,832.62
14/03/2026,868.65
13/03/2026,786.64
12/03/2026,484.59
11/03/2026,578.82
10/03/2026,650.61
09/03/2026,323.78
08/03/2026,932.68
07/03/2026,"1,128.75"
06/03/2026,834.63
05/03/2026,436.63
04/03/2026,565.5
03/03/2026,480.86
02/03/2026,370.5
01/03/2026,923.8
28/02/2026,"1,585.28"
27/02/2026,"1,114.61"
26/02/2026,509.25
25/02/2026,617.11
24/02/2026,432.27
23/02/2026,290.59
22/02/2026,930.07
21/02/2026,"1,333.08"
20/02/2026,"1,579.55"
19/02/2026,"1,217.48"
18/02/2026,"1,307.78"
17/02/2026,"1,056.55"
16/02/2026,719.55
15/02/2026,"1,239.20"
14/02/2026,"1,647.35"
13/02/2026,565.95
12/02/2026,842.52
11/02/2026,509.17
10/02/2026,624.33
09/02/2026,356.25
08/02/2026,"1,377.94"
07/02/2026,"2,000.35"
06/02/2026,791.36
05/02/2026,391.74
04/02/2026,170.49
03/02/2026,150.66
02/02/2026,341.39
01/02/2026,770.81
31/01/2026,"1,016.31"
30/01/2026,334.7
29/01/2026,386.41
28/01/2026,379.66
27/01/2026,321.9
26/01/2026,195.65
25/01/2026,605
24/01/2026,"1,498.96"
23/01/2026,655.29
22/01/2026,237.13
21/01/2026,300.73
20/01/2026,142.98
19/01/2026,205.03
18/01/2026,908.38
17/01/2026,"1,467.88"
16/01/2026,562.94
15/01/2026,449.99
14/01/2026,371.12
13/01/2026,414.66
12/01/2026,281.6
11/01/2026,687.37
10/01/2026,"1,028.11"
09/01/2026,528.77
08/01/2026,317.47
07/01/2026,102.3
06/01/2026,95.47
05/01/2026,115.37
04/01/2026,403.86
03/01/2026,588.53
02/01/2026,"1,225.89"
01/01/2026,561.05
31/12/2025,682.81
30/12/2025,"1,166.60"
29/12/2025,722.61
28/12/2025,813.06
27/12/2025,524.73
26/12/2025,135.62
25/12/2025,
24/12/2025,375.36
23/12/2025,255.53
22/12/2025,397.57
21/12/2025,549.9
20/12/2025,492.71
19/12/2025,355.95
18/12/2025,301.49
17/12/2025,351.34
16/12/2025,389.54
15/12/2025,171.57
14/12/2025,541.08
13/12/2025,581.25
12/12/2025,257.24
11/12/2025,244.3
10/12/2025,160.81
09/12/2025,197.26
08/12/2025,217.42
07/12/2025,439.64
06/12/2025,464.11
05/12/2025,278.13
04/12/2025,406.3
03/12/2025,201.59
02/12/2025,160.81
01/12/2025,123.04
30/11/2025,308.2
29/11/2025,495.77
28/11/2025,720.65
27/11/2025,161.6
26/11/2025,262.36
25/11/2025,287.23
24/11/2025,172
23/11/2025,488.83
22/11/2025,703.15
21/11/2025,428.23
20/11/2025,214.92
19/11/2025,337.31
18/11/2025,325.15
17/11/2025,293.4
16/11/2025,718.79
15/11/2025,971.99
14/11/2025,440.32
13/11/2025,214.85
12/11/2025,180.11
11/11/2025,202.8
